curr_tpt,func,posterior,pred_x,pred_y,prediction_tpt,true_x,true_y
4,"concat(move(), change_angle(int(-1)))",0.8888324491257944,0.0,0.0,1,0.0,0.0
4,"concat(move(), change_angle(int(-1)))",0.8888324491257944,6.123233995736766e-17,1.0,2,0.0,1.0
4,"concat(move(), change_angle(int(-1)))",0.8888324491257944,1.0,1.0,3,1.0,1.0
4,"concat(move(), change_angle(int(-1)))",0.8888324491257944,1.0,0.0,4,1.0,0.0
4,"concat(move(), change_angle(int(-1)))",0.8888324491257944,0.0,-1.2246467991473532e-16,5,2.0,0.0
4,"concat(move(), change_angle(int(-1)))",0.8888324491257944,-1.8369701987210297e-16,0.9999999999999999,6,2.0,1.0
4,"concat(move(), change_angle(int(-1)))",0.8888324491257944,0.9999999999999998,0.9999999999999999,7,3.0,1.0
4,"concat(move(), change_angle(int(-1)))",0.8888324491257944,0.9999999999999999,-1.1102230246251565e-16,8,3.0,0.0
4,"concat(move(), change_angle(int(-1)))",0.8888324491257944,-1.1102230246251565e-16,-2.33486982377251e-16,9,4.0,0.0
4,"concat(move(), change_angle(int(-1)))",0.8888324491257944,-2.947193223346186e-16,0.9999999999999998,10,4.0,1.0
4,"concat(move(), change_angle(int(-1)))",0.8888324491257944,0.9999999999999997,0.9999999999999998,11,5.0,1.0
4,"concat(move(), change_angle(int(-1)))",0.8888324491257944,0.9999999999999998,-2.220446049250313e-16,12,5.0,0.0
4,"concat(move(), change_angle(int(-1)))",0.8888324491257944,-2.220446049250313e-16,-3.4450928483976665e-16,13,6.0,0.0
4,"concat(move(), change_angle(int(-1)))",0.8888324491257944,-4.057416247971343e-16,0.9999999999999997,14,6.0,1.0
4,"concat(move(), change_angle(int(-1)))",0.8888324491257944,0.9999999999999996,0.9999999999999997,15,7.0,1.0
4,"concat(move(), change_angle(int(-1)))",0.8888324491257944,0.9999999999999997,-3.3306690738754696e-16,16,7.0,0.0
4,"concat(move(), change_angle(int(-1)))",0.8888324491257944,-3.3306690738754696e-16,-4.555315873022823e-16,17,8.0,0.0
4,"concat(move(), change_angle(int(-1)))",0.8888324491257944,-5.167639272596499e-16,0.9999999999999996,18,8.0,1.0
4,"concat(move(), change_angle(int(-1)))",0.8888324491257944,0.9999999999999994,0.9999999999999996,19,9.0,1.0
4,"concat(move(), change_angle(int(-1)))",0.8888324491257944,0.9999999999999996,-4.440892098500626e-16,20,9.0,0.0
4,"concat(move(), change_angle(int(-1)))",0.8888324491257944,-4.440892098500626e-16,-5.66553889764798e-16,21,10.0,0.0
4,"concat(move(), change_angle(int(-1)))",0.8888324491257944,-6.277862297221655e-16,0.9999999999999994,22,,
4,"concat(move(), change_angle(int(-1)))",0.8888324491257944,0.9999999999999993,0.9999999999999994,23,,
4,"concat(move(), change_angle(int(-1)))",0.8888324491257944,0.9999999999999994,-5.551115123125783e-16,24,,
4,"concat(move(), change_angle(int(-1)))",0.8888324491257944,-5.551115123125783e-16,-6.775761922273136e-16,25,,
4,"concat(move(), change_angle(int(-1)))",0.8888324491257944,-7.388085321846812e-16,0.9999999999999993,26,,
4,"concat(move(), change_angle(int(-1)))",0.8888324491257944,0.9999999999999992,0.9999999999999993,27,,
4,"concat(move(), change_angle(int(-1)))",0.8888324491257944,0.9999999999999993,-6.661338147750939e-16,28,,
4,"concat(move(), change_angle(int(-1)))",0.8888324491257944,-6.661338147750939e-16,-7.885984946898293e-16,29,,
4,"concat(move(), change_angle(int(-1)))",0.8888324491257944,-8.498308346471968e-16,0.9999999999999992,30,,
4,"concat(move(), move_t(int(0)))",0.1111040561407243,0.0,0.0,1,0.0,0.0
4,"concat(move(), move_t(int(0)))",0.1111040561407243,6.123233995736766e-17,1.0,2,0.0,1.0
4,"concat(move(), move_t(int(0)))",0.1111040561407243,1.0,1.0,3,1.0,1.0
4,"concat(move(), move_t(int(0)))",0.1111040561407243,1.0,2.0,4,1.0,0.0
4,"concat(move(), move_t(int(0)))",0.1111040561407243,2.0,2.0,5,2.0,0.0
4,"concat(move(), move_t(int(0)))",0.1111040561407243,2.0,3.0,6,2.0,1.0
4,"concat(move(), move_t(int(0)))",0.1111040561407243,3.0,3.0,7,3.0,1.0
4,"concat(move(), move_t(int(0)))",0.1111040561407243,3.0,4.0,8,3.0,0.0
4,"concat(move(), move_t(int(0)))",0.1111040561407243,4.0,4.0,9,4.0,0.0
4,"concat(move(), move_t(int(0)))",0.1111040561407243,4.0,5.0,10,4.0,1.0
4,"concat(move(), move_t(int(0)))",0.1111040561407243,5.0,5.0,11,5.0,1.0
4,"concat(move(), move_t(int(0)))",0.1111040561407243,5.0,6.0,12,5.0,0.0
4,"concat(move(), move_t(int(0)))",0.1111040561407243,6.0,6.0,13,6.0,0.0
4,"concat(move(), move_t(int(0)))",0.1111040561407243,6.0,7.0,14,6.0,1.0
4,"concat(move(), move_t(int(0)))",0.1111040561407243,7.0,7.0,15,7.0,1.0
4,"concat(move(), move_t(int(0)))",0.1111040561407243,7.0,8.0,16,7.0,0.0
4,"concat(move(), move_t(int(0)))",0.1111040561407243,8.0,8.0,17,8.0,0.0
4,"concat(move(), move_t(int(0)))",0.1111040561407243,8.0,9.0,18,8.0,1.0
4,"concat(move(), move_t(int(0)))",0.1111040561407243,9.0,9.0,19,9.0,1.0
4,"concat(move(), move_t(int(0)))",0.1111040561407243,9.0,10.0,20,9.0,0.0
4,"concat(move(), move_t(int(0)))",0.1111040561407243,10.0,10.0,21,10.0,0.0
4,"concat(move(), move_t(int(0)))",0.1111040561407243,10.0,11.0,22,,
4,"concat(move(), move_t(int(0)))",0.1111040561407243,11.0,11.0,23,,
4,"concat(move(), move_t(int(0)))",0.1111040561407243,11.0,12.0,24,,
4,"concat(move(), move_t(int(0)))",0.1111040561407243,12.0,12.0,25,,
4,"concat(move(), move_t(int(0)))",0.1111040561407243,12.0,13.0,26,,
4,"concat(move(), move_t(int(0)))",0.1111040561407243,13.0,13.0,27,,
4,"concat(move(), move_t(int(0)))",0.1111040561407243,13.0,14.0,28,,
4,"concat(move(), move_t(int(0)))",0.1111040561407243,14.0,14.0,29,,
4,"concat(move(), move_t(int(0)))",0.1111040561407243,14.0,15.0,30,,
4,"concat(move(), repeat(move_t(int(0)), int(3)))",3.7631298254653755e-5,0.0,0.0,1,0.0,0.0
4,"concat(move(), repeat(move_t(int(0)), int(3)))",3.7631298254653755e-5,6.123233995736766e-17,1.0,2,0.0,1.0
4,"concat(move(), repeat(move_t(int(0)), int(3)))",3.7631298254653755e-5,1.0,1.0,3,1.0,1.0
4,"concat(move(), repeat(move_t(int(0)), int(3)))",3.7631298254653755e-5,2.0,1.0,4,1.0,0.0
4,"concat(move(), repeat(move_t(int(0)), int(3)))",3.7631298254653755e-5,3.0,1.0,5,2.0,0.0
4,"concat(move(), repeat(move_t(int(0)), int(3)))",3.7631298254653755e-5,3.0,2.0,6,2.0,1.0
4,"concat(move(), repeat(move_t(int(0)), int(3)))",3.7631298254653755e-5,4.0,2.0,7,3.0,1.0
4,"concat(move(), repeat(move_t(int(0)), int(3)))",3.7631298254653755e-5,5.0,2.0,8,3.0,0.0
4,"concat(move(), repeat(move_t(int(0)), int(3)))",3.7631298254653755e-5,6.0,2.0,9,4.0,0.0
4,"concat(move(), repeat(move_t(int(0)), int(3)))",3.7631298254653755e-5,6.0,3.0,10,4.0,1.0
4,"concat(move(), repeat(move_t(int(0)), int(3)))",3.7631298254653755e-5,7.0,3.0,11,5.0,1.0
4,"concat(move(), repeat(move_t(int(0)), int(3)))",3.7631298254653755e-5,8.0,3.0,12,5.0,0.0
4,"concat(move(), repeat(move_t(int(0)), int(3)))",3.7631298254653755e-5,9.0,3.0,13,6.0,0.0
4,"concat(move(), repeat(move_t(int(0)), int(3)))",3.7631298254653755e-5,9.0,4.0,14,6.0,1.0
4,"concat(move(), repeat(move_t(int(0)), int(3)))",3.7631298254653755e-5,10.0,4.0,15,7.0,1.0
4,"concat(move(), repeat(move_t(int(0)), int(3)))",3.7631298254653755e-5,11.0,4.0,16,7.0,0.0
4,"concat(move(), repeat(move_t(int(0)), int(3)))",3.7631298254653755e-5,12.0,4.0,17,8.0,0.0
4,"concat(move(), repeat(move_t(int(0)), int(3)))",3.7631298254653755e-5,12.0,5.0,18,8.0,1.0
4,"concat(move(), repeat(move_t(int(0)), int(3)))",3.7631298254653755e-5,13.0,5.0,19,9.0,1.0
4,"concat(move(), repeat(move_t(int(0)), int(3)))",3.7631298254653755e-5,14.0,5.0,20,9.0,0.0
4,"concat(move(), repeat(move_t(int(0)), int(3)))",3.7631298254653755e-5,15.0,5.0,21,10.0,0.0
4,"concat(move(), repeat(move_t(int(0)), int(3)))",3.7631298254653755e-5,15.0,6.0,22,,
4,"concat(move(), repeat(move_t(int(0)), int(3)))",3.7631298254653755e-5,16.0,6.0,23,,
4,"concat(move(), repeat(move_t(int(0)), int(3)))",3.7631298254653755e-5,17.0,6.0,24,,
4,"concat(move(), repeat(move_t(int(0)), int(3)))",3.7631298254653755e-5,18.0,6.0,25,,
4,"concat(move(), repeat(move_t(int(0)), int(3)))",3.7631298254653755e-5,18.0,7.0,26,,
4,"concat(move(), repeat(move_t(int(0)), int(3)))",3.7631298254653755e-5,19.0,7.0,27,,
4,"concat(move(), repeat(move_t(int(0)), int(3)))",3.7631298254653755e-5,20.0,7.0,28,,
4,"concat(move(), repeat(move_t(int(0)), int(3)))",3.7631298254653755e-5,21.0,7.0,29,,
4,"concat(move(), repeat(move_t(int(0)), int(3)))",3.7631298254653755e-5,21.0,8.0,30,,
4,"concat(move(), subprogram(repeat(move_t(int(0)), var_c())))",2.586343522656615e-5,0.0,0.0,1,0.0,0.0
4,"concat(move(), subprogram(repeat(move_t(int(0)), var_c())))",2.586343522656615e-5,6.123233995736766e-17,1.0,2,0.0,1.0
4,"concat(move(), subprogram(repeat(move_t(int(0)), var_c())))",2.586343522656615e-5,1.0,1.0,3,1.0,1.0
4,"concat(move(), subprogram(repeat(move_t(int(0)), var_c())))",2.586343522656615e-5,1.2246467991473532e-16,2.0,4,1.0,0.0
4,"concat(move(), subprogram(repeat(move_t(int(0)), var_c())))",2.586343522656615e-5,1.0000000000000002,2.0,5,2.0,0.0
4,"concat(move(), subprogram(repeat(move_t(int(0)), var_c())))",2.586343522656615e-5,2.0,2.0,6,2.0,1.0
4,"concat(move(), subprogram(repeat(move_t(int(0)), var_c())))",2.586343522656615e-5,1.8369701987210297e-16,3.0,7,3.0,1.0
4,"concat(move(), subprogram(repeat(move_t(int(0)), var_c())))",2.586343522656615e-5,1.0000000000000002,3.0,8,3.0,0.0
4,"concat(move(), subprogram(repeat(move_t(int(0)), var_c())))",2.586343522656615e-5,2.0,3.0,9,4.0,0.0
4,"concat(move(), subprogram(repeat(move_t(int(0)), var_c())))",2.586343522656615e-5,3.0,3.0,10,4.0,1.0
4,"concat(move(), subprogram(repeat(move_t(int(0)), var_c())))",2.586343522656615e-5,2.4492935982947064e-16,4.0,11,5.0,1.0
4,"concat(move(), subprogram(repeat(move_t(int(0)), var_c())))",2.586343522656615e-5,1.0000000000000002,4.0,12,5.0,0.0
4,"concat(move(), subprogram(repeat(move_t(int(0)), var_c())))",2.586343522656615e-5,2.0,4.0,13,6.0,0.0
4,"concat(move(), subprogram(repeat(move_t(int(0)), var_c())))",2.586343522656615e-5,3.0,4.0,14,6.0,1.0
4,"concat(move(), subprogram(repeat(move_t(int(0)), var_c())))",2.586343522656615e-5,4.0,4.0,15,7.0,1.0
4,"concat(move(), subprogram(repeat(move_t(int(0)), var_c())))",2.586343522656615e-5,3.061616997868383e-16,5.0,16,7.0,0.0
4,"concat(move(), subprogram(repeat(move_t(int(0)), var_c())))",2.586343522656615e-5,1.0000000000000002,5.0,17,8.0,0.0
4,"concat(move(), subprogram(repeat(move_t(int(0)), var_c())))",2.586343522656615e-5,2.0,5.0,18,8.0,1.0
4,"concat(move(), subprogram(repeat(move_t(int(0)), var_c())))",2.586343522656615e-5,3.0,5.0,19,9.0,1.0
4,"concat(move(), subprogram(repeat(move_t(int(0)), var_c())))",2.586343522656615e-5,4.0,5.0,20,9.0,0.0
4,"concat(move(), subprogram(repeat(move_t(int(0)), var_c())))",2.586343522656615e-5,5.0,5.0,21,10.0,0.0
4,"concat(move(), subprogram(repeat(move_t(int(0)), var_c())))",2.586343522656615e-5,3.67394039744206e-16,6.0,22,,
4,"concat(move(), subprogram(repeat(move_t(int(0)), var_c())))",2.586343522656615e-5,1.0000000000000004,6.0,23,,
4,"concat(move(), subprogram(repeat(move_t(int(0)), var_c())))",2.586343522656615e-5,2.0000000000000004,6.0,24,,
4,"concat(move(), subprogram(repeat(move_t(int(0)), var_c())))",2.586343522656615e-5,3.0000000000000004,6.0,25,,
4,"concat(move(), subprogram(repeat(move_t(int(0)), var_c())))",2.586343522656615e-5,4.0,6.0,26,,
4,"concat(move(), subprogram(repeat(move_t(int(0)), var_c())))",2.586343522656615e-5,5.0,6.0,27,,
4,"concat(move(), subprogram(repeat(move_t(int(0)), var_c())))",2.586343522656615e-5,6.0,6.0,28,,
4,"concat(move(), subprogram(repeat(move_t(int(0)), var_c())))",2.586343522656615e-5,4.2862637970157366e-16,7.0,29,,
4,"concat(move(), subprogram(repeat(move_t(int(0)), var_c())))",2.586343522656615e-5,1.0000000000000004,7.0,30,,
